-- phpMyAdmin SQL Dump
-- version 3.5.8.2
-- http://www.phpmyadmin.net
--
-- Počítač: wm48.wedos.net:3306
-- Vygenerováno: Stř 08. dub 2015, 23:32
-- Verze serveru: 5.6.14
-- Verze PHP: 5.4.23

SET SQL_MODE="NO_AUTO_VALUE_ON_ZERO";
SET time_zone = "+00:00";


/*!40101 SET @OLD_CHARACTER_SET_CLIENT=@@CHARACTER_SET_CLIENT */;
/*!40101 SET @OLD_CHARACTER_SET_RESULTS=@@CHARACTER_SET_RESULTS */;
/*!40101 SET @OLD_COLLATION_CONNECTION=@@COLLATION_CONNECTION */;
/*!40101 SET NAMES utf8 */;

--
-- Databáze: `d9350_netg2`
--

-- --------------------------------------------------------

--
-- Struktura tabulky `items_list`
--

CREATE TABLE IF NOT EXISTS `items_list` (
  `itemID` int(11) NOT NULL,
  `itemSubID` int(11) NOT NULL,
  `name` varchar(50) CHARACTER SET latin1 NOT NULL,
  `img` varchar(50) CHARACTER SET latin1 NOT NULL
) ENGINE=InnoDB DEFAULT CHARSET=utf8 COLLATE=utf8_czech_ci;

--
-- Vypisuji data pro tabulku `items_list`
--

INSERT INTO `items_list` (`itemID`, `itemSubID`, `name`, `img`) VALUES
(1, 0, 'Stone', 'Stone.png'),
(1, 1, 'Granite', 'Granite.png'),
(1, 2, 'Polished Granite', 'Polished_Granite.png'),
(1, 3, 'Diorite', 'Diorite.png'),
(1, 4, 'Polished Diorite', 'Polished_Diorite.png'),
(1, 5, 'Andesite', 'Andesite.png'),
(1, 6, 'Polished Andesite', 'Polished_Andesite.png'),
(1, -1, 'Unknown Stone', 'Stone.png'),
(2, 0, 'Grass', 'Grass.png'),
(3, 0, 'Dirt', 'Dirt.png'),
(3, 1, 'Coarse Dirt', 'Coarse_Dirt.png'),
(3, 2, 'Podzol', 'Dirt_Podzol.png'),
(3, -1, 'Dirt', 'Dirt.png'),
(4, 0, 'Cobblestone', 'Cobblestone.png'),
(5, 0, 'Wooden Plank (Oak)', 'Wooden_Plank_Oak.png'),
(5, 1, 'Wooden Plank (Spruce)', 'Wooden_Plank_Spruce.png'),
(5, 2, 'Wooden Plank (Birch)', 'Wooden_Plank_Birch.png'),
(5, 3, 'Wooden Plank (Jungle)', 'Wooden_Plank_Jungle.png'),
(5, 4, 'Wooden Plank (Acacia)', 'Wooden_Plank_Acacia.png'),
(5, 5, 'Wooden Plank (Dark Oak)', 'Wooden_Plank_Dark_Oak.png'),
(5, -1, 'Unknown Wooden Plank', 'Wooden_Plank_Oak.png'),
(6, 0, 'Sapling (Oak)', 'Sapling_Oak.png'),
(6, 1, 'Sapling (Spruce)', 'Sapling_Spruce.png'),
(6, 2, 'Sapling (Birch)', 'Sapling_Birch.png'),
(6, 3, 'Sapling (Jungle)', 'Sapling_Jungle.png'),
(6, 4, 'Sapling (Acacia)', 'Sapling_Acacia.png'),
(6, 5, 'Sapling (Dark Oak)', 'Sapling_Dark_Oak.png'),
(6, -1, 'Unknown Sapling', 'Sapling_Oak.png'),
(7, 0, 'Bedrock', 'Bedrock.png'),
(8, 0, 'Water', 'Water.png'),
(9, 0, 'Stationary Water', 'Water.png'),
(10, 0, 'Lava', 'Lava.png'),
(11, 0, 'Stationary Lava', 'Lava.png'),
(12, 0, 'Sand', 'Sand.png'),
(12, 1, 'Red Sand', 'Sand_Red.png'),
(12, -1, 'Sand', 'Sand.png'),
(13, 0, 'Gravel', 'Gravel.png'),
(14, 0, 'Gold Ore', 'Gold_Ore.png'),
(15, 0, 'Iron Ore', 'Iron_Ore.png'),
(16, 0, 'Coal Ore', 'Coal_Ore.png'),
(17, 0, 'Oak Log', 'Log_Oak.png'),
(17, 1, 'Spruce Log', 'Log_Spruce.png'),
(17, 2, 'Birch Log', 'Log_Birch.png'),
(17, 3, 'Jungle Log', 'Log_Jungle.png'),
(17, -1, 'Unknown Log', 'Log_Oak.png'),
(18, 0, 'Oak Leaves', 'Leaves_Oak.png'),
(18, 1, 'Spruce Leaves', 'Leaves_Spruce.png'),
(18, 2, 'Birch Leaves', 'Leaves_Birch.png'),
(18, 3, 'Jungle Leaves', 'Leaves_Jungle.png'),
(18, -1, 'Unknown Leaves', 'Leaves_Oak.png'),
(19, 0, 'Sponge', 'Sponge.png'),
(19, 1, 'Wet Sponge', 'Wet_Sponge.png'),
(19, -1, 'Unknown Sponge', 'Sponge.png'),
(20, 0, 'Glass', 'Glass.png'),
(21, 0, 'Lapis Lazuli Ore', 'Lapis_Lazuli_Ore.png'),
(22, 0, 'Lapis Lazuli Block', 'Lapis_Lazuli_Block.png'),
(23, 0, 'Dispenser', 'Dispenser.png'),
(24, 0, 'Sandstone', 'Sandstone.png'),
(24, 1, 'Decorative Sandstone', 'Sandstone_Decorative.png'),
(24, 2, 'Smooth Sandstone', 'Sandstone_Smooth.png'),
(24, -1, 'Unknown Sandstone', 'Sandstone.png'),
(25, 0, 'Note Block', 'Note_Block.png'),
(26, 0, 'Bed Block', 'Bed.png'),
(27, 0, 'Powered Rail', 'Rail_Powered.png'),
(28, 0, 'Detector Rail', 'Rail_Detector.png'),
(29, 0, 'Sticky Piston', 'Sticky_Piston.png'),
(30, 0, 'Web', 'Cobweb.png'),
(31, 0, 'Dead Shrub', 'Tall_Grass1.png'),
(31, 1, 'Tall Grass', 'Tall_Grass2.png'),
(31, 2, 'Live Shrub', 'Tall_Grass3.png'),
(31, -1, 'Unknown Shrub', 'Tall_Grass1.png'),
(32, 0, 'Dead Shrub', 'Dead_Bush.png'),
(33, 0, 'Piston', 'Piston.png'),
(34, 0, 'Piston', 'Piston.png'),
(34, 1, 'Sticky_Piston', 'Sticky_Piston.png'),
(34, -1, 'Unknown Piston', 'Piston.png'),
(35, 0, 'White Wool', 'Wool_White.png'),
(35, 1, 'Orange Wool', 'Wool_Orange.png'),
(35, 2, 'Magenta Wool', 'Wool_Magenta.png'),
(35, 3, 'Light Blue Wool', 'Wool_Light_Blue.png'),
(35, 4, 'Yellow Wool', 'Wool_Yellow.png'),
(35, 5, 'Light Green Wool', 'Wool_Lime.png'),
(35, 6, 'Pink Wool', 'Wool_Pink.png'),
(35, 7, 'Grey Wool', 'Wool_Gray.png'),
(35, 8, 'Light Grey Wool', 'Wool_Light_Gray.png'),
(35, 9, 'Cyan Wool', 'Wool_Cyan.png'),
(35, 10, 'Purple Wool', 'Wool_Purple.png'),
(35, 11, 'Blue Wool', 'Wool_Blue.png'),
(35, 12, 'Brown Wool', 'Wool_Brown.png'),
(35, 13, 'Dark Green Wool', 'Wool_Green.png'),
(35, 14, 'Red Wool', 'Wool_Red.png'),
(35, 15, 'Black Wool', 'Wool_Black.png'),
(35, -1, 'Unknown Wool', 'Wool_White.png'),
(37, 0, 'Dandelion', 'Flower_Dandelion.png'),
(38, 0, 'Poppy (Rose)', 'Flower_Poppy.png'),
(38, 1, 'Blue Orchid', 'Flower_Blue_Orchid.png'),
(38, 2, 'Allium', 'Flower_Allium.png'),
(38, 3, 'Azure Bluet', 'Flower_Azure_Bluet.png'),
(38, 4, 'Red Tulip', 'Flower_Tulip_Red.png'),
(38, 5, 'Orange Tulip', 'Flower_Tulip_Orange.png'),
(38, 6, 'White Tulip', 'Flower_Tulip_White.png'),
(38, 7, 'Ping Tulip', 'Flower_Tulip_Pink.png'),
(38, 8, 'Oxeye Daisy', 'Flower_Oxeye_Daisy.png'),
(38, -1, 'Unknown Flower', 'Flower_Poppy.png'),
(39, 0, 'Brown Mushroom', 'Mushroom_Brown.png'),
(40, 0, 'Red Mushroom', 'Mushroom_Red.png'),
(41, 0, 'Gold Block', 'Gold_Block.png'),
(42, 0, 'Iron Block', 'Iron_Block.png'),
(43, 0, 'Double Stone Slab', 'Slab_Stone_Double.png'),
(43, 1, 'Double Sandstone Slab', 'Sandstone.png'),
(43, 2, 'Double Wooden Slab', 'Wood.png'),
(43, 3, 'Double Cobblestone Slab', 'Cobblestone.png'),
(43, -1, 'Unknown Double Slab', 'Slab_Stone_Double.png'),
(44, 0, 'Stone Slab', 'Slab_Stone.png'),
(44, 1, 'Sandstone Slab', 'Slab_Sandstone.png'),
(44, 2, 'Wooden Slab', 'Slab_Wood_Oak.png'),
(44, 3, 'Cobblestone Slab', 'Slab_Cobblestone.png'),
(44, 4, 'Brick Slab', 'Slab_Brick.png'),
(44, 5, 'Stone Brick Slab', 'Slab_Stone_Brick.png'),
(44, 7, 'Quartz Slab', 'Slab_Quartz.png'),
(44, -1, 'Unknown Slab', 'Slab_Stone.png'),
(45, 0, 'Brick Block', 'Brick_Block.png'),
(46, 0, 'TNT', 'TNT.png'),
(47, 0, 'Bookshelf', 'Bookshelf.png'),
(48, 0, 'Mossy Cobblestone', 'Cobblestone_Moss.png'),
(49, 0, 'Obsidian', 'Obsidian.png'),
(50, 0, 'Torch', 'Torch.png'),
(51, 0, 'Fire', 'Fire.png'),
(52, 50, 'Creeper Spawner', 'Spawner_Creeper.png'),
(52, 51, 'Skeleton Spawner', 'Spawner_Skeleton.png'),
(52, 52, 'Spider Spawner', 'Spawner_Spider.png'),
(52, 53, 'Giant Spawner', 'Spawner_Giant.png'),
(52, 54, 'Zombie Spawner', 'Spawner_Zombie.png'),
(52, 55, 'Slime Spawner', 'Spawner_Slime.png'),
(52, 56, 'Ghast Spawner', 'Spawner_Ghast.png'),
(52, 57, 'Zombie Pigman Spawner', 'Spawner_Zombie_Pigman.png'),
(52, 58, 'Enderman Spawner', 'Spawner_Enderman.png'),
(52, 59, 'Cave Spider Spawner', 'Spawner_Cave_Spider.png'),
(52, 60, 'Silverfish Spawner', 'Spawner_Silverfish.png'),
(52, 61, 'Blaze Spawner', 'Spawner_Blaze.png'),
(52, 62, 'Magma Cube Spawner', 'Spawner_Magma_Cube.png'),
(52, 90, 'Pig Spawner', 'Spawner_Pig.png'),
(52, 91, 'Sheep Spawner', 'Spawner_Sheep.png'),
(52, 92, 'Cow Spawner', 'Spawner_Cow.png'),
(52, 93, 'Chicken Spawner', 'Spawner_Chicken.png'),
(52, 94, 'Squid Spawner', 'Spawner_Squid.png'),
(52, 95, 'Wolf Spawner', 'Spawner_Wolf.png'),
(52, 96, 'Mooshroom Spawner', 'Spawner_Mooshroom.png'),
(52, 97, 'Snowman Spawner', 'Spawner_Snowman.png'),
(52, 120, 'Villager Spawner', 'Spawner_Villager.png'),
(52, -1, 'Unknown Spawner', 'Spawner_Pig.png'),
(53, 0, 'Wooden Stairs (Oak)', 'Stairs_Wood_Oak.png'),
(54, 0, 'Chest', 'Chest.png'),
(56, 0, 'Diamond Ore', 'Diamond_Ore.png'),
(57, 0, 'Diamond Block', 'Diamond_Block.png'),
(58, 0, 'Crafting Table', 'Crafting_Table.png'),
(60, 0, 'Soil', 'Farmland.png'),
(61, 0, 'Furnace', 'Furnace.png'),
(62, 0, 'Burning Furnace', 'Furnace.png'),
(63, 0, 'Sign Post', 'Sign.png'),
(64, 0, 'Wooden Door Block', 'Door_Wood.png'),
(65, 0, 'Ladder', 'Ladder.png'),
(66, 0, 'Rail', 'Rails.png'),
(67, 0, 'Cobblestone Stairs', 'Stairs_Cobblestone.png'),
(68, 0, 'Wall Sign', 'Sign.png'),
(69, 0, 'Lever', 'Lever.png'),
(70, 0, 'Stone Pressure Plate', 'Pressure_Plate_Stone.png'),
(71, 0, 'Iron Door Block', 'Door_Iron.png'),
(72, 0, 'Wooden Pressure Plate', 'Pressure_Plate_Wood.png'),
(73, 0, 'Redstone Ore', 'Redstone_Ore.png'),
(74, 0, 'Redstone Ore (Glowing)', 'Redstone_Ore.png'),
(75, 0, 'Redstone Torch', 'Redstone_Torch.png'),
(76, 0, 'Redstone Torch', 'Redstone_Torch.png'),
(77, 0, 'Button (Stone)', 'Button_Stone.png'),
(78, 0, 'Snow', 'Snow_Block.png'),
(79, 0, 'Ice', 'Ice.png'),
(80, 0, 'Snow Block', 'Snow_Block.png'),
(81, 0, 'Cactus', 'Cactus.png'),
(82, 0, 'Clay', 'Clay_Block.png'),
(84, 0, 'Jukebox', 'Jukebox.png'),
(85, 0, 'Fence', 'Fence.png'),
(86, 0, 'Pumpkin', 'Pumpkin.png'),
(87, 0, 'Netherrack', 'Netherrack.png'),
(88, 0, 'Soul Sand', 'Soul_Sand.png'),
(89, 0, 'Glowstone', 'Glowstone_Block.png'),
(90, 0, 'Portal', 'Portal.png'),
(91, 0, 'Jack-O-Lantern', 'Jack-O-Lantern.png'),
(92, 0, 'Cake', 'Cake.png'),
(95, 0, 'Stained Glass (White)', 'Glass_Stained_White.png'),
(95, 1, 'Stained Glass (Orange)', 'Glass_Stained_Orange.png'),
(95, 2, 'Stained Glass (Magenta)', 'Glass_Stained_Magenta.png'),
(95, 3, 'Stained Glass (Light Blue)', 'Glass_Stained_Light_Blue.png'),
(95, 4, 'Stained Glass (Yellow)', 'Glass_Stained_Yellow.png'),
(95, 5, 'Stained Glass (Light Green)', 'Glass_Stained_Lime.png'),
(95, 6, 'Stained Glass (Pink)', 'Glass_Stained_Pink.png'),
(95, 7, 'Stained Glass (Grey)', 'Glass_Stained_Gray.png'),
(95, 8, 'Stained Glass (Light Grey)', 'Glass_Stained_Light_Gray.png'),
(95, 9, 'Stained Glass (Cyan)', 'Glass_Stained_Cyan.png'),
(95, 10, 'Stained Glass (Purple)', 'Glass_Stained_Purple.png'),
(95, 11, 'Stained Glass (Blue)', 'Glass_Stained_Blue.png'),
(95, 12, 'Stained Glass (Brown)', 'Glass_Stained_Brown.png'),
(95, 13, 'Stained Glass (Dark Green)', 'Glass_Stained_Green.png'),
(95, 14, 'Stained Glass (Red)', 'Glass_Stained_Red.png'),
(95, 15, 'Stained Glass (Black)', 'Glass_Stained_Black.png'),
(95, -1, 'Unknown Stained Glass', 'Glass_Stained_White.png'),
(96, 0, 'Trapdoor', 'Trapdoor.png'),
(97, 0, 'Stone Monster Egg', 'Stone.png'),
(97, 1, 'Cobblestone Monster Egg', 'Cobblestone.png'),
(97, 2, 'Stone Brick Monster Egg', 'Stone_Brick.png'),
(97, 3, 'Mossy Stone Brick Monster Egg', 'Stone_Brick_Mossy.png'),
(97, 4, 'Cracked Stone Brick Monster Egg', 'Stone_Brick_Cracked.png'),
(97, 5, 'Chiseled Stone Brick Monster Egg', 'Stone_Brick_Circle.png'),
(97, -1, 'Unknown Brick', 'Stone_Brick.png'),
(98, 0, 'Stone Brick', 'Stone_Brick.png'),
(98, 1, 'Mossy Stone Brick', 'Stone_Brick_Mossy.png'),
(98, 2, 'Cracked Stone Brick', 'Stone_Brick_Cracked.png'),
(98, 3, 'Chiseled Stone Brick', 'Stone_Brick_Chiseled.png'),
(98, -1, 'Unknown Brick', 'Stone_Brick.png'),
(99, 0, 'Brown Mushroom Cap', 'Mushroom_Brown.png'),
(100, 0, 'Red Mushroom Cap', 'Mushroom_Red.png'),
(101, 0, 'Iron Bars', 'Iron_Bars.png'),
(102, 0, 'Glass Pane', 'Glass_Pane.png'),
(103, 0, 'Melon', 'Melon_Block.png'),
(106, 0, 'Vines', 'Vines.png'),
(107, 0, 'Fence Gate', 'Fence_Gate.png'),
(108, 0, 'Brick Stairs', 'Stairs_Brick.png'),
(109, 0, 'Stone Brick Stairs', 'Stairs_Stone_Brick.png'),
(110, 0, 'Mycelium', 'Mycelium.png'),
(111, 0, 'Lily Pad', 'Lily_Pad.png'),
(112, 0, 'Nether Brick', 'Nether_Brick.png'),
(113, 0, 'Nether Brick Fence', 'Nether_Brick_Fence.png'),
(114, 0, 'Nether Brick Stairs', 'Stairs_Nether_Brick.png'),
(115, 0, 'Nether Wart', 'Nether_Wart.png'),
(116, 0, 'Enchantment Table', 'Enchantment_Table.png'),
(117, 0, 'Brewing Stand', 'Brewing_Stand.png'),
(118, 0, 'Cauldron', 'Cauldron.png'),
(119, 0, 'End Portal', 'End_Portal.png'),
(120, 0, 'End Portal Frame', 'End_Portal_Frame.png'),
(121, 0, 'End Stone', 'End_Stone.png'),
(122, 0, 'Dragon Egg', 'Dragon_Egg.png'),
(123, 0, 'Redstone Lamp', 'Redstone_Lamp.png'),
(125, 0, 'Double Wooden Slab (Oak)', 'Wooden_Plank_Oak.png'),
(125, 1, 'Double Wooden Slab (Spruce)', 'Wooden_Plank_Spruce.png'),
(125, 2, 'Double Wooden Slab (Birch)', 'Wooden_Plank_Birch.png'),
(125, 3, 'Double Wooden Slab (Jungle)', 'Wooden_Plank_Jungle.png'),
(125, 4, 'Double Wooden Slab (Acacia)', 'Wooden_Plank_Acacia.png'),
(125, 5, 'Double Wooden Slab (Dark Oak)', 'Wooden_Plank_Dark_Oak.png'),
(125, -1, 'Unknown Double Wooden Slab', 'Wooden_Plank_Oak.png'),
(126, 0, 'Wooden Slab (Oak)', 'Slab_Wood_Oak.png'),
(126, 1, 'Wooden Slab (Spruce)', 'Slab_Wood_Spruce.png'),
(126, 2, 'Wooden Slab (Birch)', 'Slab_Wood_Birch.png'),
(126, 3, 'Wooden Slab (Jungle)', 'Slab_Wood_Jungle.png'),
(126, 4, 'Wooden Slab (Acacia)', 'Slab_Wood_Acacia.png'),
(126, 5, 'Wooden Slab (Dark Oak)', 'Slab_Wood_Dark_Oak.png'),
(126, -1, 'Unknown Wooden Slab', 'Slab_Wood_Oak.png'),
(128, 0, 'Sandstone Stairs', 'Stairs_Sandstone.png'),
(129, 0, 'Emerald Ore', 'Emerald_Ore.png'),
(130, 0, 'Ender Chest', 'Ender_Chest.png'),
(131, 0, 'Tripwire Hook', 'Tripwire_Hook.png'),
(132, 0, 'Tripwire', 'Tripwire.png'),
(133, 0, 'Emerald Block', 'Emerald_Block.png'),
(134, 0, 'Wooden Stairs (Spruce)', 'Stairs_Wood_Spruce.png'),
(135, 0, 'Wooden Stairs (Birch)', 'Stairs_Wood_Birch.png'),
(136, 0, 'Wooden Stairs (Jungle)', 'Stairs_Wood_Jungle.png'),
(137, 0, 'Command Block', 'Command_Block.png'),
(138, 0, 'Beacon Block', 'Beacon_Block.png'),
(139, 0, 'Cobblestone Wall', 'Wall_Cobblestone.png'),
(139, 1, 'Mossy Cobblestone Wall', 'Wall_Mossy_Cobblestone.png'),
(139, -1, 'Unknown Cobblestone Wall', 'Wall_Cobblestone.png'),
(143, 0, 'Button (Wood)', 'Button_Wood.png'),
(145, 0, 'Anvil', 'Anvil.png'),
(145, 1, 'Slightly Damaged Anvil', 'Anvil.png'),
(145, 2, 'Very Damaged Anvil', 'Anvil.png'),
(145, -1, 'Anvil', 'Anvil.png'),
(147, 0, 'Weighted Pressure Plate (Light)', 'Pressure_Plate_Weighted_Light.png'),
(148, 0, 'Weighted Pressure Plate (Heavy)', 'Pressure_Plate_Weighted_Heavy.png'),
(151, 0, 'Daylight Sensor', 'Daylight_Sensor.png'),
(152, 0, 'Redstone Block', 'Redstone_Block.png'),
(153, 0, 'Nether Quartz Ore', 'Nether_Quartz_Ore.png'),
(154, 0, 'Hopper', 'Hopper.png'),
(155, 0, 'Quartz Block', 'Quartz_Block.png'),
(155, 1, 'Quartz Block (Chiseled)', 'Quartz_Block_Chiseled.png'),
(155, 2, 'Quartz Block (Pillar)', 'Quartz_Block_Pillar.png'),
(155, -1, 'Unknown Quartz Block', 'Quartz_Block.png'),
(156, 0, 'Quartz Stairs', 'Stairs_Quartz.png'),
(157, 0, 'Activator Rail', 'Activator_Rail.png'),
(158, 0, 'Dropper', 'Dropper.png'),
(159, 0, 'White Stained Clay', 'Clay_Stained_White.png'),
(159, 1, 'Orange Stained Clay', 'Clay_Stained_Orange.png'),
(159, 2, 'Magenta Stained Clay', 'Clay_Stained_Magenta.png'),
(159, 3, 'Light Blue Stained Clay', 'Clay_Stained_Light_Blue.png'),
(159, 4, 'Yellow Stained Clay', 'Clay_Stained_Yellow.png'),
(159, 5, 'Light Green Stained Clay', 'Clay_Stained_Lime.png'),
(159, 6, 'Pink Stained Clay', 'Clay_Stained_Pink.png'),
(159, 7, 'Grey Stained Clay', 'Clay_Stained_Gray.png'),
(159, 8, 'Light Grey Stained Clay', 'Clay_Stained_Light_Gray.png'),
(159, 9, 'Cyan Stained Clay', 'Clay_Stained_Cyan.png'),
(159, 10, 'Purple Stained Clay', 'Clay_Stained_Purple.png'),
(159, 11, 'Blue Stained Clay', 'Clay_Stained_Blue.png'),
(159, 12, 'Brown Stained Clay', 'Clay_Stained_Brown.png'),
(159, 13, 'Dark Green Stained Clay', 'Clay_Stained_Green.png'),
(159, 14, 'Red Stained Clay', 'Clay_Stained_Red.png'),
(159, 15, 'Black Stained Clay', 'Clay_Stained_Black.png'),
(159, -1, 'Unknown Stained Clay', 'Clay_Stained_White.png'),
(160, 0, 'Stained Glass Pane (White)', 'Glass_Pane_White.png'),
(160, 1, 'Stained Glass Pane (Orange)', 'Glass_Pane_Orange.png'),
(160, 2, 'Stained Glass Pane (Magenta)', 'Glass_Pane_Magenta.png'),
(160, 3, 'Stained Glass Pane (Light Blue)', 'Glass_Pane_Light_Blue.png'),
(160, 4, 'Stained Glass Pane (Yellow)', 'Glass_Pane_Yellow.png'),
(160, 5, 'Stained Glass Pane (Light Green)', 'Glass_Pane_Lime.png'),
(160, 6, 'Stained Glass Pane (Pink)', 'Glass_Pane_Pink.png'),
(160, 7, 'Stained Glass Pane (Grey)', 'Glass_Pane_Gray.png'),
(160, 8, 'Stained Glass Pane (Light Grey)', 'Glass_Pane_Light_Gray.png'),
(160, 9, 'Stained Glass Pane (Cyan)', 'Glass_Pane_Cyan.png'),
(160, 10, 'Stained Glass Pane (Purple)', 'Glass_Pane_Purple.png'),
(160, 11, 'Stained Glass Pane (Blue)', 'Glass_Pane_Blue.png'),
(160, 12, 'Stained Glass Pane (Brown)', 'Glass_Pane_Brown.png'),
(160, 13, 'Stained Glass Pane (Dark Green)', 'Glass_Pane_Green.png'),
(160, 14, 'Stained Glass Pane (Red)', 'Glass_Pane_Red.png'),
(160, 15, 'Stained Glass Pane (Black)', 'Glass_Pane_Black.png'),
(160, -1, 'Unknown Stained Glass Pane', 'Glass_Pane_White.png'),
(161, 0, 'Leaves (Acacia)', 'Leaves_Acacia.png'),
(161, 1, 'Leaves (Dark Oak)', 'Leaves_Dark_Oak.png'),
(161, -1, 'Unknown Leaves', 'Leaves_Oak.png'),
(162, 0, 'Acacia Log', 'Log_Acacia.png'),
(162, 1, 'Dark Oak Log', 'Log_Dark_Oak.png'),
(162, -1, 'Unknown Log', 'Log_Oak.png'),
(163, 0, 'Wooden Stairs (Acacia)', 'Stairs_Wood_Acacia.png'),
(164, 0, 'Wooden Stairs (Dark Oak)', 'Stairs_Wood_Dark_Oak.png'),
(165, 0, 'Slime Block', 'Slime_Block.png'),
(167, 0, 'Iron Trapdoor', 'Iron_Trapdoor.png'),
(168, 0, 'Prismarine', 'Prismarine.png'),
(168, 1, 'Prismarine Bricks', 'Prismarine_Bricks.png'),
(168, 2, 'Dark Prismarine', 'Dark_Prismarine.png'),
(168, -1, 'Unknown Prismarine', 'Prismarine.png'),
(169, 0, 'Sea Lantern', 'Sea_Lantern.png'),
(170, 0, 'Hay Bale', 'Hay_Bale.png'),
(171, 0, 'White Carpet', 'Carpet_White.png'),
(171, 1, 'Orange Carpet', 'Carpet_Orange.png'),
(171, 2, 'Magenta Carpet', 'Carpet_Magenta.png'),
(171, 3, 'Light Blue Carpet', 'Carpet_Light_Blue.png'),
(171, 4, 'Yellow Carpet', 'Carpet_Yellow.png'),
(171, 5, 'Light Green Carpet', 'Carpet_Lime.png'),
(171, 6, 'Pink Carpet', 'Carpet_Pink.png'),
(171, 7, 'Grey Carpet', 'Carpet_Gray.png'),
(171, 8, 'Light Grey Carpet', 'Carpet_Light_Gray.png'),
(171, 9, 'Cyan Carpet', 'Carpet_Cyan.png'),
(171, 10, 'Purple Carpet', 'Carpet_Purple.png'),
(171, 11, 'Blue Carpet', 'Carpet_Blue.png'),
(171, 12, 'Brown Carpet', 'Carpet_Brown.png'),
(171, 13, 'Dark Green Carpet', 'Carpet_Green.png'),
(171, 14, 'Red Carpet', 'Carpet_Red.png'),
(171, 15, 'Black Carpet', 'Carpet_Black.png'),
(171, -1, 'Unknown Carpet', 'Carpet_White.png'),
(172, 0, 'Hardened Clay', 'Clay_Hardened.png'),
(173, 0, 'Block of Coal', 'Coal_Block.png'),
(174, 0, 'Packed Ice', 'Ice_Packed.png'),
(175, 0, 'Sunflower', 'Flower_Sunflower.png'),
(175, 1, 'Lilac', 'Flower_Lilac.png'),
(175, 2, 'Tall Grass', 'Grass_Tall.png'),
(175, 3, 'Large Fern', 'Flower_Tall_Fern.png'),
(175, 4, 'Rose Bush', 'Flower_Tall_Rose.png'),
(175, 5, 'Peony', 'Flower_Peony.png'),
(175, -1, 'Unknown Large Flower', 'Grass_Tall.png'),
(179, 0, 'Red Sandstone', 'Red_Sandstone.png'),
(179, 1, 'Chiseled Red Sandstone', 'Chiseled_Red_Sandstone.png'),
(179, 2, 'Smooth Red Sandstone', 'Smooth_Red_Sandstone.png'),
(179, -1, 'Unknown Red Sandstone', 'Red_Sandstone.png'),
(180, 0, 'Red Sandstone Stairs', 'Red_Sandstone_Stairs.png'),
(182, 0, 'Red Sandstone Slab', 'Red_Sandstone_Slab.png'),
(182, -1, 'Unknown Sandstone Slab', 'Red_Sandstone_Slab.png'),
(183, 0, 'Spruce Fence Gate', 'Spruce_Fence_Gate.png'),
(184, 0, 'Birch Fence Gate', 'Birch_Fence_Gate.png'),
(185, 0, 'Jungle Fence Gate', 'Jungle_Fence_Gate.png'),
(186, 0, 'Dark Oak Fence Gate', 'Dark_Oak_Fence_Gate.png'),
(187, 0, 'Acacia Fence Gate', 'Acacia_Fence_Gate.png'),
(188, 0, 'Spruce Fence', 'Spruce_Fence.png'),
(189, 0, 'Birch Fence', 'Birch_Fence.png'),
(190, 0, 'Jungle Fence', 'Jungle_Fence.png'),
(191, 0, 'Dark Oak Fence', 'Dark_Oak_Fence.png'),
(192, 0, 'Acacia Fence', 'Acacia_Fence.png'),
(256, 0, 'Iron Shovel', 'Iron_Shovel.png'),
(257, 0, 'Iron Pickaxe', 'Iron_Pickaxe.png'),
(258, 0, 'Iron Axe', 'Iron_Axe.png'),
(259, 0, 'Flint and Steel', 'Flint_and_Steel.png'),
(260, 0, 'Apple', 'Apple_Red.png'),
(261, 0, 'Bow', 'Bow.png'),
(262, 0, 'Arrow', 'Arrow.png'),
(263, 0, 'Coal', 'Coal_Item.png'),
(263, 1, 'Charcoal', 'Charcoal_Item.png'),
(263, -1, 'Unknown Coal', 'Coal_Item.png'),
(264, 0, 'Diamond', 'Diamond_Gem.png'),
(265, 0, 'Iron Ingot', 'Iron_Ingot.png'),
(266, 0, 'Gold Ingot', 'Gold_Ingot.png'),
(267, 0, 'Iron Sword', 'Iron_Sword.png'),
(268, 0, 'Wooden Sword', 'Wooden_Sword.png'),
(269, 0, 'Wooden Shovel', 'Wooden_Shovel.png'),
(270, 0, 'Wooden Pickaxe', 'Wooden_Pickaxe.png'),
(271, 0, 'Wooden Axe', 'Wooden_Axe.png'),
(272, 0, 'Stone Sword', 'Stone_Sword.png'),
(273, 0, 'Stone Shovel', 'Stone_Shovel.png'),
(274, 0, 'Stone Pickaxe', 'Stone_Pickaxe.png'),
(275, 0, 'Stone Axe', 'Stone_Axe.png'),
(276, 0, 'Diamond Sword', 'Diamond_Sword.png'),
(277, 0, 'Diamond Shovel', 'Diamond_Shovel.png'),
(278, 0, 'Diamond Pickaxe', 'Diamond_Pickaxe.png'),
(279, 0, 'Diamond Axe', 'Diamond_Axe.png'),
(280, 0, 'Stick', 'Stick.png'),
(281, 0, 'Bowl', 'Bowl.png'),
(282, 0, 'Mushroom Soup', 'Mushroom_Stew.png'),
(283, 0, 'Gold Sword', 'Gold_Sword.png'),
(284, 0, 'Gold Shovel', 'Gold_Shovel.png'),
(285, 0, 'Gold Pickaxe', 'Gold_Pickaxe.png'),
(286, 0, 'Gold Axe', 'Gold_Axe.png'),
(287, 0, 'String', 'String.png'),
(288, 0, 'Feather', 'Feather.png'),
(289, 0, 'Gunpowder', 'Gunpowder.png'),
(290, 0, 'Wooden Hoe', 'Wooden_Hoe.png'),
(291, 0, 'Stone Hoe', 'Stone_Hoe.png'),
(292, 0, 'Iron Hoe', 'Iron_Hoe.png'),
(293, 0, 'Diamond Hoe', 'Diamond_Hoe.png'),
(294, 0, 'Gold Hoe', 'Gold_Hoe.png'),
(295, 0, 'Wheat Seeds', 'Seeds_Wheat.png'),
(296, 0, 'Wheat', 'Wheat.png'),
(297, 0, 'Bread', 'Bread.png'),
(298, 0, 'Leather Cap', 'Leather_Helmet.png'),
(299, 0, 'Leather Chestplate', 'Leather_Chestplate.png'),
(300, 0, 'Leather Leggings', 'Leather_Pants.png'),
(301, 0, 'Leather Boots', 'Leather_Boots.png'),
(302, 0, 'Chain Mail Helmet', 'Chain_Armor_Helmet.png'),
(303, 0, 'Chain Mail Chestplate', 'Chain_Armor_Chestplate.png'),
(304, 0, 'Chain Mail Leggings', 'Chain_Armor_Leggings.png'),
(305, 0, 'Chain Mail Boots', 'Chain_Armor_Boots.png'),
(306, 0, 'Iron Helmet', 'Iron_Helmet.png'),
(307, 0, 'Iron Chestplate', 'Iron_Chestplate.png'),
(308, 0, 'Iron Leggings', 'Iron_Leggings.png'),
(309, 0, 'Iron Boots', 'Iron_Boots.png'),
(310, 0, 'Diamond Helmet', 'Diamond_Helmet.png'),
(311, 0, 'Diamond Chestplate', 'Diamond_Chestplate.png'),
(312, 0, 'Diamond Leggings', 'Diamond_Leggings.png'),
(313, 0, 'Diamond Boots', 'Diamond_Boots.png'),
(314, 0, 'Gold Helmet', 'Gold_Helmet.png'),
(315, 0, 'Gold Chestplate', 'Gold_Chestplate.png'),
(316, 0, 'Gold Leggings', 'Gold_Leggings.png'),
(317, 0, 'Gold Boots', 'Gold_Boots.png'),
(318, 0, 'Flint', 'Flint.png'),
(319, 0, 'Raw Porkchop', 'Porkchop_Raw.png'),
(320, 0, 'Cooked Porkchop', 'Porkchop_Cooked.png'),
(321, 0, 'Painting', 'Painting.png'),
(322, 0, 'Golden Apple', 'Apple_Golden.png'),
(323, 0, 'Sign', 'Sign.png'),
(324, 0, 'Oak Door', 'Door_Wood.png'),
(325, 0, 'Bucket', 'Bucket.png'),
(326, 0, 'Bucket of Water', 'Bucket_Water.png'),
(327, 0, 'Bucket of Lava', 'Bucket_Lava.png'),
(328, 0, 'Minecart', 'Minecart.png'),
(329, 0, 'Saddle', 'Saddle.png'),
(330, 0, 'Iron Door', 'Door_Iron.png'),
(331, 0, 'Redstone', 'Redstone_Dust.png'),
(332, 0, 'Snowball', 'Snowball.png'),
(333, 0, 'Boat', 'Boat.png'),
(334, 0, 'Leather', 'Leather.png'),
(335, 0, 'Bucket of Milk', 'Bucket_Milk.png'),
(336, 0, 'Clay Brick', 'Clay_Brick.png'),
(337, 0, 'Clay Balls', 'Clay_Item.png'),
(338, 0, 'Sugar Cane', 'Sugar_Cane.png'),
(339, 0, 'Paper', 'Paper.png'),
(340, 0, 'Book', 'Book.png'),
(341, 0, 'Slimeball', 'Slimeball.png'),
(342, 0, 'Storage Minecart', 'Minecart_Storage.png'),
(343, 0, 'Powered Minecart', 'Minecart_Powered.png'),
(344, 0, 'Egg', 'Egg.png'),
(345, 0, 'Compass', 'Compass.png'),
(346, 0, 'Fishing Rod', 'Fishing_Rod.png'),
(347, 0, 'Clock', 'Clock.png'),
(348, 0, 'Glowstone Dust', 'Glowstone_Dust.png'),
(349, 0, 'Raw Fish', 'Fish_Raw.png'),
(349, 1, 'Raw Salmon', 'Raw_Salmon.png'),
(349, 2, 'Clownfish', 'Fish_Clownfish.png'),
(349, 3, 'Pufferfish', 'Fish_Pufferfish.png'),
(349, -1, 'Unknown Raw Fish', 'Fish_Raw.png'),
(350, 0, 'Cooked Fish', 'Fish_Cooked.png'),
(350, 1, 'Cooked Salmon', 'Fish_Cooked_Salmon.png'),
(350, -1, 'Unknown Cooked Fish', 'Fish_Cooked.png'),
(351, 0, 'Ink Sack', 'Dye_Black.png'),
(351, 1, 'Rose Red', 'Dye_Red.png'),
(351, 2, 'Cactus Green', 'Dye_Green.png'),
(351, 3, 'Cocoa Beans', 'Cocoa_Beans.png'),
(351, 4, 'Lapis Lazuli', 'Lapis_Lazuli_Dye.png'),
(351, 5, 'Purple Dye', 'Dye_Purple.png'),
(351, 6, 'Cyan Dye', 'Dye_Cyan.png'),
(351, 7, 'Light Grey Dye', 'Dye_Light_Gray.png'),
(351, 8, 'Grey Dye', 'Dye_Gray.png'),
(351, 9, 'Pink Dye', 'Dye_Pink.png'),
(351, 10, 'Lime Dye', 'Dye_Lime.png'),
(351, 11, 'Dandelion Yellow', 'Dye_Yellow.png'),
(351, 12, 'Light Blue Dye', 'Dye_Light_Blue.png'),
(351, 13, 'Magenta Dye', 'Dye_Magenta.png'),
(351, 14, 'Orange Dye', 'Dye_Orange.png'),
(351, 15, 'Bone Meal', 'Bone_Meal.png'),
(351, -1, 'Unknown Dye', 'Bone_Meal.png'),
(352, 0, 'Bone', 'Bone.png'),
(353, 0, 'Sugar', 'Sugar.png'),
(354, 0, 'Cake', 'Cake.png'),
(355, 0, 'Bed', 'Bed.png'),
(356, 0, 'Redstone Repeater', 'Redstone_Repeater.png'),
(357, 0, 'Cookie', 'Cookie.png'),
(358, 0, 'Map #map#', 'Map_Item.png'),
(359, 0, 'Shears', 'Shears.png'),
(360, 0, 'Melon Slice', 'Melon_Slice.png'),
(361, 0, 'Pumpkin Seeds', 'Seeds_Pumpkin.png'),
(362, 0, 'Melon Seeds', 'Seeds_Melon.png'),
(363, 0, 'Raw Beef', 'Beef_Raw.png'),
(364, 0, 'Steak', 'Beef_Cooked.png'),
(365, 0, 'Raw Chicken', 'Chicken_Raw.png'),
(366, 0, 'Cooked Chicken', 'Chicken_Cooked.png'),
(367, 0, 'Rotten Flesh', 'Rotten_Flesh.png'),
(368, 0, 'Ender Pearl', 'Ender_Pearl.png'),
(369, 0, 'Blaze Rod', 'Blaze_Rod.png'),
(370, 0, 'Ghast Tear', 'Ghast_Tear.png'),
(371, 0, 'Gold Nugget', 'Gold_Nugget.png'),
(372, 0, 'Nether Wart', 'Seeds_Nether_Wart.png'),
(373, 0, 'Bottle of Water', 'Bottle_Water.png'),
(373, 16, 'Awkward Potion', 'Potion_Awkward.png'),
(373, 32, 'Thick Potion', 'Potion_Thick.png'),
(373, 64, 'Mundane Potion', 'Potion_Mundane.png'),
(373, 16384, 'Mundane Splash Potion', 'Potion_Mundane_Splash.png'),
(373, 8193, 'Regeneration (0:45)', 'Potion_Regeneration.png'),
(373, 8257, 'Regeneration (2:00)', 'Potion_Regeneration.png'),
(373, 8225, 'Regeneration II (0:22)', 'Potion_Regeneration.png'),
(373, 16385, 'Regeneration Splash (0:33)', 'Potion_Regeneration_Splash.png'),
(373, 16449, 'Regeneration Splash (1:30)', 'Potion_Regeneration_Splash.png'),
(373, 16417, 'Regeneration Splash II (0:16)', 'Potion_Regeneration_Splash.png'),
(373, 8194, 'Speed Potion (3:00) +20% speed', 'Potion_Speed.png'),
(373, 8226, 'Speed Potion II (1:30) +40% speed', 'Potion_Speed.png'),
(373, 8258, 'Speed Potion Extended (8:00) +20% speed', 'Potion_Speed.png'),
(373, 16386, 'Speed Splash Potion (2:15) +20% speed', 'Potion_Speed_Splash.png'),
(373, 16418, 'Speed Splash Potion II (1:07) +40% speed', 'Potion_Speed_Splash.png'),
(373, 16450, 'Speed Splash Potion Extended (6:00) +20% speed', 'Potion_Speed_Splash.png'),
(373, 8195, 'Fire Resistance Potion (3:00)', 'Potion_Fire_Resistance.png'),
(373, 8259, 'Fire Resistance Potion (8:00)', 'Potion_Fire_Resistance.png'),
(373, 16387, 'Fire Resistance Splash Potion (2:15)', 'Potion_Fire_Resistance_Splash.png'),
(373, 16451, 'Fire Resistance Splash Potion (6:00)', 'Potion_Fire_Resistance_Splash.png'),
(373, 8196, 'Potion of Poison (0:45)', 'Potion_Poison.png'),
(373, 8260, 'Potion of Poison (2:00)', 'Potion_Poison.png'),
(373, 8228, 'Potion of Poison II (0:22)', 'Potion_Poison.png'),
(373, 8204, 'Instant Damage', 'Potion_Harming.png'),
(373, 8236, 'Instant Damage II', 'Potion_Harming.png'),
(373, 16388, 'Splash Potion of Poison (0:33)', 'Potion_Poison_Splash.png'),
(373, 16452, 'Splash Potion of Poison (1:30)', 'Potion_Poison_Splash.png'),
(373, 16420, 'Splash Potion of Poison II (0:16)', 'Potion_Poison_Splash.png'),
(373, 16396, 'Instant Damage Splash', 'Potion_Harming_Splash.png'),
(373, 16428, 'Instant Damage Splash II', 'Potion_Harming_Splash.png'),
(373, 8197, 'Instant Health', 'Potion_Healing.png'),
(373, 8229, 'Instant Health II', 'Potion_Instant_Health.png'),
(373, 16389, 'Instant Health Splash', 'Potion_Healing_Splash.png'),
(373, 16421, 'Instant Health Splash II', 'Potion_Instant_Health_Splash.png'),
(373, 8200, 'Potion of Weakness (1:30) -0.5 attack', 'Potion_Weakness.png'),
(373, 8264, 'Potion of Weakness (4:00) -0.5 attack', 'Potion_Weakness.png'),
(373, 16392, 'Splash Potion of Weakness (1:07) -0.5 attack', 'Potion_Weakness_Splash.png'),
(373, 16456, 'Splash Potion of Weakness (3:00) -0.5 attack', 'Potion_Weakness_Splash.png'),
(373, 8201, 'Strength (3:00) +130% attack', 'Potion_Strength.png'),
(373, 8233, 'Strength II (1:30) +260% attack', 'Potion_Strength.png'),
(373, 8265, 'Strength Extended (8:00) +130% attack', 'Potion_Strength.png'),
(373, 16393, 'Splash of Strength (2:15) +130% attack', 'Potion_Strength_Splash.png'),
(373, 16425, 'Splash of Strength II (1:07) +260% attack', 'Potion_Strength_Splash.png'),
(373, 16457, 'Splash of Strength Extended (6:00) +130% attack', 'Potion_Strength_Splash.png'),
(373, 8202, 'Slowness Potion (1:30) -15% speed', 'Potion_Slowness.png'),
(373, 8266, 'Slowness Potion Extended (4:00) -15% speed', 'Potion_Slowness.png'),
(373, 16394, 'Slowness Splash Potion (1:07) -15% speed', 'Potion_Slowness_Splash.png'),
(373, 16458, 'Slowness Splash Potion Extended (3:00) -15% speed', 'Potion_Slowness_Splash.png'),
(373, 8205, 'Water Breathing (3:00)', 'Potion_of_Water_Breathing.png'),
(373, 8269, 'Water Breathing (8:00)', 'Potion_of_Water_Breathing.png'),
(373, 16397, 'Splash of Water Breathing (2:15)', 'Potion_of_Water_Breathing_Splash.png'),
(373, 16461, 'Splash of Water Breathing (6:00)', 'Potion_of_Water_Breathing_Splash.png'),
(373, 8206, 'Potion of Invisibility (3:00)', 'Potion_Invisibility.png'),
(373, 8270, 'Potion of Invisibility (8:00)', 'Potion_Invisibility.png'),
(373, 16398, 'Splash Potion of Invisibility (2:15)', 'Potion_Invisibility_Splash.png'),
(373, 16462, 'Splash Potion of Invisibility (6:00)', 'Potion_Invisibility_Splash.png'),
(373, 8198, 'Potion of Night Vision (3:00)', 'Potion_Night_Vision.png'),
(373, 8262, 'Potion of Night Vision (8:00)', 'Potion_Night_Vision.png'),
(373, 16390, 'Splash Potion of Night Vision (2:15)', 'Potion_Night_Vision_Splash.png'),
(373, 16454, 'Splash Potion of Night Vision (6:00)', 'Potion_Night_Vision_Splash.png'),
(373, 8203, 'Potion of Leaping (3:00)', 'Potion_Leaping.png'),
(373, 8267, 'Potion of Leaping (8:00)', 'Potion_Leaping.png'),
(373, 8235, 'Potion of Leaping II (1:30)', 'Potion_Leaping.png'),
(373, 16395, 'Splahs Potion of Leaping (2:15)', 'Potion_Leaping_Splash.png'),
(373, 16427, 'Splahs Potion of Leaping II (1:07)', 'Potion_Leaping_Splash.png'),
(373, 16459, 'Splahs Potion of Leaping (2:15)', 'Potion_Leaping_Splash.png'),
(373, -1, 'Unknown Potion', 'Bottle_Water.png'),
(374, 0, 'Glass Bottle', 'Bottle_Glass.png'),
(375, 0, 'Spider Eye', 'Spider_Eye.png'),
(376, 0, 'Fermented Spider Eye', 'Fermented_Spider_Eye.png'),
(377, 0, 'Blaze Powder', 'Blaze_Powder.png'),
(378, 0, 'Magma Cream', 'Magma_Cream.png'),
(379, 0, 'Brewing Stand', 'Brewing_Stand.png'),
(380, 0, 'Cauldron', 'Cauldron.png'),
(381, 0, 'Eye of Ender', 'Eye_of_Ender.png'),
(382, 0, 'Glistering Melon (Slice)', 'Melon_Glistering.png'),
(383, 50, 'Spawn Creeper', 'Spawn_Creeper.png'),
(383, 51, 'Spawn Skeleton', 'Spawn_Skeleton.png'),
(383, 52, 'Spawn Spider', 'Spawn_Spider.png'),
(383, 54, 'Spawn Zombie', 'Spawn_Zombie.png'),
(383, 55, 'Spawn Slime', 'Spawn_Slime.png'),
(383, 56, 'Spawn Ghast', 'Spawn_Ghast.png'),
(383, 57, 'Spawn Pig Zombie', 'Spawn_Pig_Zombie.png'),
(383, 58, 'Spawn Enderman', 'Spawn_Enderman.png'),
(383, 59, 'Spawn Cave_Spider', 'Spawn_Cave_Spider.png'),
(383, 60, 'Spawn Silverfish', 'Spawn_Silverfish.png'),
(383, 61, 'Spawn Blaze', 'Spawn_Blaze.png'),
(383, 62, 'Spawn Magma Cube', 'Spawn_Magma_Cube.png'),
(383, 65, 'Spawn Bat', 'Spawn_Bat.png'),
(383, 66, 'Spawn Witch', 'Spawn_Witch.png'),
(383, 67, 'Spawn Endermite', 'Spawn_Endermite.png'),
(383, 68, 'Spawn Guardian', 'Spawn_Guardian.png'),
(383, 90, 'Spawn Pig', 'Spawn_Pig.png'),
(383, 91, 'Spawn Sheep', 'Spawn_Sheep.png'),
(383, 92, 'Spawn Cow', 'Spawn_Cow.png'),
(383, 93, 'Spawn Chicken', 'Spawn_Chicken.png'),
(383, 94, 'Spawn Squid', 'Spawn_Squid.png'),
(383, 95, 'Spawn Wolf', 'Spawn_Wolf.png'),
(383, 96, 'Spawn Mooshroom', 'Spawn_Mooshroom.png'),
(383, 98, 'Spawn Ocelot', 'Spawn_Ocelot.png'),
(383, 100, 'Spawn Horse', 'Spawn_Horse.png'),
(383, 101, 'Spawn Rabbit', 'Spawn_Rabbit.png'),
(383, 120, 'Spawn Villager', 'Spawn_Villager.png'),
(383, -1, 'Unknown Spawn Egg', 'Egg.png'),
(384, 0, 'Bottle o Enchanting', 'Bottle_o_Enchanting.png'),
(385, 0, 'Fire Charge', 'Fire_Charge.png'),
(386, 0, 'Book and Quill', 'Book_and_Quill.png'),
(387, 0, 'Written Book', 'Book_Written.png'),
(388, 0, 'Emerald', 'Emerald.png'),
(389, 0, 'Item Frame', 'Item_Frame.png'),
(390, 0, 'Flower Pot', 'Flower_Pot.png'),
(391, 0, 'Carrot', 'Carrot.png'),
(392, 0, 'Potato', 'Potato.png'),
(393, 0, 'Baked Potato', 'Potato_Baked.png'),
(394, 0, 'Poisonous Potato', 'Potato_Poisonous.png'),
(395, 0, 'Empty Map', 'Map_Empty.png'),
(396, 0, 'Golden Carrot', 'Carrot_Golden.png'),
(397, 0, 'Skeleton Skull', 'Head_Skeleton.png'),
(397, 1, 'Wither Skeleton Skull', 'Head_Wither.png'),
(397, 2, 'Zombie Head', 'Head_Zombie.png'),
(397, 3, 'Head', 'Head_Human.png'),
(397, 4, 'Creeper Head', 'Head_Creeper.png'),
(397, -1, 'Unknown Skull', 'Head_Skeleton.png'),
(398, 0, 'Carrot on a Stick', 'Carrot_on_a_Stick.png'),
(399, 0, 'Nether Star', 'Nether_Star.png'),
(400, 0, 'Pumpkin Pie', 'Pie_Pumpkin.png'),
(402, 0, 'Firework Star', 'Firework_Star.png'),
(403, 0, 'Enchanted Book', 'Book_Enchanted.png'),
(404, 0, 'Redstone Comparator', 'Redstone_Comparator.png'),
(405, 0, 'Nether Brick (Item)', 'Nether_Brick_Item.png'),
(406, 0, 'Nether Quartz', 'Nether_Quartz.png'),
(407, 0, 'Minecart (with TNT)', 'Minecart_TNT.png'),
(408, 0, 'Minecart (with Hopper)', 'Minecart_Hopper.png'),
(409, 0, 'Prismarine Shard', 'Prismarine_Shard.png'),
(410, 0, 'Prismarine Crystals', 'Prismarine_Crystals.png'),
(411, 0, 'Raw Rabbit', 'Raw_Rabbit.png'),
(412, 0, 'Cooked Rabbit', 'Cooked_Rabbit.png'),
(413, 0, 'Rabbit Stew', 'Rabbit_Stew.png'),
(414, 0, 'Rabbit Foot', 'Rabbit_Foot.png'),
(415, 0, 'Rabbit Hide', 'Rabbit_Hide.png'),
(416, 0, 'Aromor Stand', 'Armor_Stand.png'),
(417, 0, 'Horse Armor (Iron)', 'Horse_Armor_Iron.png'),
(418, 0, 'Horse Armor (Gold)', 'Horse_Armor_Gold.png'),
(419, 0, 'Horse Armor (Diamond)', 'Horse_Armor_Diamond.png'),
(420, 0, 'Lead', 'Lead.png'),
(421, 0, 'Name Tag', 'Name_Tag.png'),
(422, 0, 'Minecart (with Command Block)', 'Minecart_Command_Block.png'),
(423, 0, 'Raw Mutton', 'Raw_Mutton.png'),
(424, 0, 'Cooked Mutton', 'Cooked_Mutton.png'),
(425, 15, 'Banner(White)', 'Banner.png'),
(425, 1, 'Banner (Red)', 'Banner_red.png'),
(425, 2, 'Banner (Green)', 'Banner_green.png'),
(425, 3, 'Banner (Brown)', 'Banner_brown.png'),
(425, 4, 'Banner (Blue)', 'Banner_blue.png'),
(427, 0, 'Spruce Door', 'Spruce_Door.png'),
(428, 0, 'Birch Door', 'Birch_Door.png'),
(429, 0, 'Jungle Door', 'Jungle_Door.png'),
(430, 0, 'Acacia Door', 'Acacia_Door.png'),
(431, 0, 'Dark Oak Door', 'Dark_Oak_Door.png'),
(2256, 0, 'Music Disc (13)', 'Disc_Gold.png'),
(2257, 0, 'Music Disc (Cat)', 'Disc_Green.png'),
(2258, 0, 'Music Disc (Blocks)', 'Disc_Blocks.png'),
(2259, 0, 'Music Disc (Chirp)', 'Disc_Chirp.png'),
(2260, 0, 'Music Disc (Far)', 'Disc_Far.png'),
(2261, 0, 'Music Disc (Mall)', 'Disc_Mall.png'),
(2262, 0, 'Music Disc (Mellohi)', 'Disc_Mellohi.png'),
(2263, 0, 'Music Disc (Stal)', 'Disc_Stal.png'),
(2264, 0, 'Music Disc (Strad)', 'Disc_Strad.png'),
(2265, 0, 'Music Disc (Ward)', 'Disc_Ward.png'),
(2266, 0, 'Music Disc (11)', 'Disc_11.png'),
(2267, 0, 'Music Disc (Wait)', 'Disc_Wait.png'),
(-1, 0, 'Unknown %itemid%', 'Unknown.png'),
(425, 5, 'Banner (Purple)', 'Banner_purple.png'),
(425, 6, 'Banner (Cyan)', 'Banner_cyan.png'),
(425, 7, 'Banner (Light Gray)', 'Banner_lightgray.png'),
(425, 8, 'Banner (Gray)', 'Banner_gray.png'),
(425, 9, 'Banner (Pink)', 'Banner_pink.png'),
(425, 10, 'Banner (Lime)', 'Banner_lime.png'),
(425, 11, 'Banner (Yellow)', 'Banner_yellow.png'),
(425, 12, 'Banner (Light Blue)', 'Banner_lightblue.png'),
(425, 13, 'Banner (Magenta)', 'Banner_magenta.png'),
(425, 14, 'Banner (Orange)', 'Banner_orange.png');

-- --------------------------------------------------------

--
-- Struktura tabulky `ma_items`
--

CREATE TABLE IF NOT EXISTS `ma_items` (
  `id` int(11) NOT NULL AUTO_INCREMENT,
  `playerID` int(11) NOT NULL,
  `itemID` varchar(128) NOT NULL,
  `itemDamage` int(11) NOT NULL,
  `qty` int(11) NOT NULL,
  `itemMeta` text NOT NULL,
  `enchantments` varchar(512) NOT NULL,
  `lore` varchar(2048) CHARACTER SET utf8 COLLATE utf8_bin NOT NULL,
  PRIMARY KEY (`id`)
) ENGINE=MyISAM  DEFAULT CHARSET=latin1 AUTO_INCREMENT=125 ;

--
-- Vypisuji data pro tabulku `ma_items`
--

INSERT INTO `ma_items` (`id`, `playerID`, `itemID`, `itemDamage`, `qty`, `itemMeta`, `enchantments`, `lore`) VALUES
(1, 1, '1', 4, 182, '{"meta-type":"UNSPECIFIC"}', '{}', ''),
(2, 6, '31', 1, 10, '{"meta-type":"UNSPECIFIC"}', '{}', ''),
(3, 6, '38', 7, 64, '{"meta-type":"UNSPECIFIC"}', '{}', ''),
(4, 6, '97', 0, 64, '{"meta-type":"UNSPECIFIC"}', '{}', ''),
(6, 1, '1', 2, 4, '{"meta-type":"UNSPECIFIC"}', '{}', ''),
(8, 7, '348', 0, 190, '{"meta-type":"UNSPECIFIC"}', '{}', ''),
(9, 6, '16', 0, 64, '{"meta-type":"UNSPECIFIC"}', '{}', ''),
(10, 6, '35', 6, 64, '{"meta-type":"UNSPECIFIC"}', '{}', ''),
(11, 6, '20', 0, 64, '{"meta-type":"UNSPECIFIC"}', '{}', ''),
(12, 6, '35', 2, 64, '{"meta-type":"UNSPECIFIC"}', '{}', ''),
(14, 1, '14', 0, 64, '{"meta-type":"UNSPECIFIC"}', '{}', ''),
(17, 6, '12', 0, 60, '{"meta-type":"UNSPECIFIC"}', '{}', ''),
(21, 6, '425', 4, 2, '{"meta-type":"BANNER","base-color":"BLUE"}', '{}', ''),
(23, 7, '19', 0, 64, '{"meta-type":"UNSPECIFIC"}', '{}', ''),
(24, 7, '35', 0, 60, '{"meta-type":"UNSPECIFIC"}', '{}', ''),
(25, 7, '12', 0, 64, '{"meta-type":"UNSPECIFIC"}', '{}', ''),
(27, 7, '35', 2, 55, '{"meta-type":"UNSPECIFIC"}', '{}', ''),
(30, 6, '54', 0, 64, '{"meta-type":"TILE_ENTITY"}', '{}', ''),
(31, 6, '348', 0, 3, '{"meta-type":"UNSPECIFIC"}', '{}', ''),
(32, 6, '175', 0, 64, '{"meta-type":"UNSPECIFIC"}', '{}', ''),
(33, 6, '171', 15, 64, '{"meta-type":"UNSPECIFIC"}', '{}', ''),
(34, 6, '424', 0, 64, '{"meta-type":"UNSPECIFIC"}', '{}', ''),
(35, 6, '373', 16457, 1, '{"meta-type":"POTION"}', '{}', ''),
(36, 6, '327', 0, 1, '{"meta-type":"UNSPECIFIC"}', '{}', ''),
(37, 6, '412', 0, 64, '{"meta-type":"UNSPECIFIC"}', '{}', ''),
(124, 6, '138', 0, 999856, '', '', ''),
(39, 6, '376', 0, 64, '{"meta-type":"UNSPECIFIC"}', '{}', ''),
(41, 6, '373', 8237, 1, '{"meta-type":"POTION"}', '{}', ''),
(42, 6, '416', 0, 16, '{"meta-type":"UNSPECIFIC"}', '{}', ''),
(44, 6, '175', 1, 64, '{"meta-type":"UNSPECIFIC"}', '{}', ''),
(45, 6, '397', 2, 64, '{"meta-type":"SKULL"}', '{}', ''),
(46, 6, '425', 0, 16, '{"meta-type":"BANNER","base-color":"BLACK"}', '{}', ''),
(47, 6, '425', 5, 16, '{"meta-type":"BANNER","base-color":"PURPLE"}', '{}', ''),
(48, 6, '419', 0, 1, '{"meta-type":"UNSPECIFIC"}', '{}', ''),
(49, 6, '2256', 0, 1, '{"meta-type":"UNSPECIFIC"}', '{}', ''),
(50, 6, '397', 4, 64, '{"meta-type":"SKULL"}', '{}', ''),
(51, 6, '351', 5, 64, '{"meta-type":"UNSPECIFIC"}', '{}', ''),
(52, 6, '189', 0, 64, '{"meta-type":"UNSPECIFIC"}', '{}', ''),
(53, 6, '6', 5, 64, '{"meta-type":"UNSPECIFIC"}', '{}', ''),
(54, 6, '38', 6, 64, '{"meta-type":"UNSPECIFIC"}', '{}', ''),
(55, 6, '38', 1, 64, '{"meta-type":"UNSPECIFIC"}', '{}', ''),
(56, 6, '390', 0, 64, '{"meta-type":"TILE_ENTITY"}', '{}', ''),
(57, 6, '389', 0, 64, '{"meta-type":"UNSPECIFIC"}', '{}', ''),
(58, 6, '6', 2, 64, '{"meta-type":"UNSPECIFIC"}', '{}', ''),
(59, 6, '6', 4, 64, '{"meta-type":"UNSPECIFIC"}', '{}', ''),
(60, 1, '7', 0, 2, '{"meta-type":"UNSPECIFIC"}', '{}', ''),
(61, 6, '7', 0, 64, '{"meta-type":"UNSPECIFIC"}', '{}', ''),
(62, 1, '276', 0, 1, '{"meta-type":"UNSPECIFIC","enchants":{"DAMAGE_UNDEAD":1,"KNOCKBACK":1}}', '{"DAMAGE_UNDEAD":1,"KNOCKBACK":1}', ''),
(63, 6, '276', 0, 1, '{"meta-type":"UNSPECIFIC","enchants":{"DAMAGE_ALL":2}}', '{"DAMAGE_ALL":2}', ''),
(66, 1, '276', 0, 1, '{"meta-type":"UNSPECIFIC","enchants":{"LOOT_BONUS_MOBS":2,"KNOCKBACK":2,"DAMAGE_ARTHROPODS":3}}', '{"DAMAGE_ARTHROPODS":3,"KNOCKBACK":2,"LOOT_BONUS_MOBS":2}', ''),
(68, 9, '35', 3, 64, '{"meta-type":"UNSPECIFIC"}', '{}', ''),
(70, 9, '97', 4, 1, '{"meta-type":"UNSPECIFIC"}', '{}', ''),
(71, 9, '323', 0, 1, '{"meta-type":"TILE_ENTITY"}', '{}', ''),
(72, 9, '159', 3, 64, '{"meta-type":"UNSPECIFIC"}', '{}', ''),
(73, 9, '156', 0, 128, '{"meta-type":"UNSPECIFIC"}', '{}', ''),
(74, 9, '139', 0, 64, '{"meta-type":"UNSPECIFIC"}', '{}', ''),
(75, 9, '123', 0, 64, '{"meta-type":"UNSPECIFIC"}', '{}', ''),
(76, 9, '109', 0, 64, '{"meta-type":"UNSPECIFIC"}', '{}', ''),
(77, 9, '97', 0, 64, '{"meta-type":"UNSPECIFIC"}', '{}', ''),
(78, 9, '95', 11, 64, '{"meta-type":"UNSPECIFIC"}', '{}', ''),
(79, 9, '98', 2, 64, '{"meta-type":"UNSPECIFIC"}', '{}', ''),
(80, 9, '95', 13, 64, '{"meta-type":"UNSPECIFIC"}', '{}', ''),
(81, 9, '88', 0, 64, '{"meta-type":"UNSPECIFIC"}', '{}', ''),
(82, 9, '84', 0, 64, '{"meta-type":"TILE_ENTITY"}', '{}', ''),
(83, 9, '82', 0, 64, '{"meta-type":"UNSPECIFIC"}', '{}', ''),
(84, 9, '73', 0, 64, '{"meta-type":"UNSPECIFIC"}', '{}', ''),
(85, 9, '76', 0, 64, '{"meta-type":"UNSPECIFIC"}', '{}', ''),
(86, 9, '95', 2, 64, '{"meta-type":"UNSPECIFIC"}', '{}', ''),
(87, 9, '98', 0, 64, '{"meta-type":"UNSPECIFIC"}', '{}', ''),
(88, 9, '113', 0, 64, '{"meta-type":"UNSPECIFIC"}', '{}', ''),
(89, 9, '148', 0, 64, '{"meta-type":"UNSPECIFIC"}', '{}', ''),
(90, 9, '159', 14, 64, '{"meta-type":"UNSPECIFIC"}', '{}', ''),
(91, 9, '315', 0, 1, '{"meta-type":"UNSPECIFIC"}', '{}', ''),
(92, 9, '361', 0, 128, '{"meta-type":"UNSPECIFIC"}', '{}', ''),
(93, 9, '351', 13, 64, '{"meta-type":"UNSPECIFIC"}', '{}', ''),
(94, 9, '322', 1, 64, '{"meta-type":"UNSPECIFIC"}', '{}', ''),
(95, 9, '304', 0, 1, '{"meta-type":"UNSPECIFIC"}', '{}', ''),
(96, 9, '299', 0, 1, '{"meta-type":"LEATHER_ARMOR"}', '{}', ''),
(97, 9, '3', 2, 199, '{"meta-type":"UNSPECIFIC"}', '{}', ''),
(98, 9, '18', 0, 64, '{"meta-type":"UNSPECIFIC"}', '{}', ''),
(99, 9, '35', 11, 64, '{"meta-type":"UNSPECIFIC"}', '{}', ''),
(100, 9, '45', 0, 64, '{"meta-type":"UNSPECIFIC"}', '{}', ''),
(101, 9, '44', 4, 64, '{"meta-type":"UNSPECIFIC"}', '{}', ''),
(102, 9, '373', 16, 1, '{"meta-type":"POTION"}', '{}', ''),
(103, 9, '373', 8202, 1, '{"meta-type":"POTION"}', '{}', ''),
(104, 9, '373', 8197, 1, '{"meta-type":"POTION"}', '{}', ''),
(105, 9, '373', 0, 1, '{"meta-type":"POTION"}', '{}', ''),
(106, 9, '373', 8201, 1, '{"meta-type":"POTION"}', '{}', ''),
(107, 9, '373', 8196, 1, '{"meta-type":"POTION"}', '{}', ''),
(108, 9, '373', 8201, 1, '{"meta-type":"POTION"}', '{}', ''),
(109, 9, '373', 8193, 1, '{"meta-type":"POTION"}', '{}', ''),
(110, 9, '373', 0, 1, '{"meta-type":"POTION"}', '{}', ''),
(111, 9, '373', 8196, 1, '{"meta-type":"POTION"}', '{}', ''),
(112, 9, '373', 16417, 1, '{"meta-type":"POTION"}', '{}', ''),
(113, 9, '373', 16457, 1, '{"meta-type":"POTION"}', '{}', ''),
(114, 9, '373', 16396, 1, '{"meta-type":"POTION"}', '{}', ''),
(115, 9, '373', 16387, 1, '{"meta-type":"POTION"}', '{}', ''),
(116, 9, '383', 90, 64, '{"meta-type":"UNSPECIFIC"}', '{}', ''),
(117, 9, '383', 50, 64, '{"meta-type":"UNSPECIFIC"}', '{}', ''),
(118, 9, '383', 101, 64, '{"meta-type":"UNSPECIFIC"}', '{}', ''),
(119, 9, '387', 0, 16, '{"meta-type":"BOOK_SIGNED"}', '{}', ''),
(120, 9, '383', 98, 64, '{"meta-type":"UNSPECIFIC"}', '{}', ''),
(121, 9, '383', 96, 64, '{"meta-type":"UNSPECIFIC"}', '{}', ''),
(122, 9, '383', 67, 64, '{"meta-type":"UNSPECIFIC"}', '{}', '');

-- --------------------------------------------------------

--
-- Struktura tabulky `ma_logs`
--

CREATE TABLE IF NOT EXISTS `ma_logs` (
  `id` int(11) NOT NULL AUTO_INCREMENT,
  `component` varchar(255) CHARACTER SET utf8 COLLATE utf8_czech_ci NOT NULL,
  `level` varchar(255) NOT NULL,
  `text` text CHARACTER SET utf8 COLLATE utf8_czech_ci NOT NULL,
  `time` timestamp NOT NULL DEFAULT CURRENT_TIMESTAMP ON UPDATE CURRENT_TIMESTAMP,
  PRIMARY KEY (`id`)
) ENGINE=InnoDB  DEFAULT CHARSET=latin1 AUTO_INCREMENT=95 ;

--
-- Vypisuji data pro tabulku `ma_logs`
--

INSERT INTO `ma_logs` (`id`, `component`, `level`, `text`, `time`) VALUES
(9, 'Login', 'info', 'Uzivatel LynSis uspěšně přihlášen.', '0000-00-00 00:00:00'),
(10, 'Login', 'info', 'Uzivatel LynSis uspěšně přihlášen.', '2015-04-03 21:19:25'),
(11, 'Login', 'info', 'Uzivatel Sekiphp uspěšně přihlášen.', '2015-04-04 07:35:47'),
(12, 'Login', 'info', 'Uzivatel LynSis uspěšně přihlášen.', '2015-04-04 08:48:02'),
(13, 'Login', 'info', 'Uzivatel LynSis uspěšně přihlášen.', '2015-04-04 08:56:24'),
(14, 'Login', 'info', 'Uzivatel LynSis uspěšně přihlášen.', '2015-04-04 09:40:06'),
(15, 'Login', 'info', 'Uzivatel Sognus uspěšně přihlášen.', '2015-04-04 09:46:30'),
(16, 'Login', 'info', 'Uzivatel Sognus uspěšně přihlášen.', '2015-04-04 09:47:13'),
(17, 'Login', 'info', 'Uzivatel Sognus uspěšně přihlášen.', '2015-04-04 09:47:29'),
(18, 'Login', 'info', 'Uzivatel LynSis uspěšně přihlášen.', '2015-04-04 10:17:09'),
(19, 'Login', 'info', 'Uzivatel Sekiphp uspěšně přihlášen.', '2015-04-04 12:34:38'),
(20, 'Login', 'info', 'Uzivatel Monetic uspěšně přihlášen.', '2015-04-04 20:28:47'),
(21, 'Login', 'info', 'Uzivatel Sognus uspěšně přihlášen.', '2015-04-04 20:38:41'),
(22, 'Login', 'info', 'Uzivatel LynSis uspěšně přihlášen.', '2015-04-04 20:43:54'),
(23, 'Login', 'info', 'Uzivatel Sekiphp uspěšně přihlášen.', '2015-04-04 20:55:14'),
(24, 'Login', 'info', 'Uzivatel Sekiphp uspěšně přihlášen.', '2015-04-04 20:55:50'),
(25, 'Login', 'info', 'Uzivatel Sekiphp uspěšně přihlášen.', '2015-04-04 20:59:24'),
(26, 'Login', 'info', 'Uzivatel Sekiphp uspěšně přihlášen.', '2015-04-04 21:22:30'),
(27, 'Login', 'info', 'Uzivatel Monetic uspěšně přihlášen.', '2015-04-04 21:24:27'),
(28, 'Login', 'info', 'Uzivatel Sognus uspěšně přihlášen.', '2015-04-04 21:24:32'),
(29, 'Login', 'info', 'Uzivatel LynSis uspěšně přihlášen.', '2015-04-04 21:39:27'),
(30, 'Login', 'info', 'Uzivatel Sekiphp uspěšně přihlášen.', '2015-04-05 07:28:43'),
(31, 'Login', 'info', 'Uzivatel Sekiphp uspěšně přihlášen.', '2015-04-05 07:31:51'),
(32, 'Login', 'info', 'Uzivatel Sekiphp uspěšně přihlášen.', '2015-04-05 07:31:52'),
(33, 'Login', 'info', 'Uzivatel Sekiphp uspěšně přihlášen.', '2015-04-05 07:31:53'),
(34, 'Login', 'info', 'Uzivatel Sekiphp uspěšně přihlášen.', '2015-04-05 07:31:58'),
(35, 'Login', 'info', 'Uzivatel Sekiphp uspěšně přihlášen.', '2015-04-05 07:31:59'),
(36, 'Login', 'info', 'Uzivatel Sekiphp uspěšně přihlášen.', '2015-04-05 07:32:05'),
(37, 'Login', 'info', 'Uzivatel Sekiphp uspěšně přihlášen.', '2015-04-05 07:32:06'),
(38, 'Login', 'info', 'Uzivatel Sekiphp uspěšně přihlášen.', '2015-04-05 07:32:22'),
(39, 'Login', 'info', 'Uzivatel Sekiphp uspěšně přihlášen.', '2015-04-05 07:32:22'),
(40, 'Login', 'info', 'Uzivatel Sekiphp uspěšně přihlášen.', '2015-04-05 07:32:23'),
(41, 'Login', 'info', 'Uzivatel Sekiphp uspěšně přihlášen.', '2015-04-05 07:32:23'),
(42, 'Login', 'info', 'Uzivatel Sekiphp uspěšně přihlášen.', '2015-04-05 07:32:31'),
(43, 'Login', 'info', 'Uzivatel LynSis uspěšně přihlášen.', '2015-04-05 08:40:12'),
(44, 'Login', 'info', 'Uzivatel Sekiphp uspěšně přihlášen.', '2015-04-05 09:05:39'),
(45, 'Login', 'info', 'Uzivatel Sekiphp uspěšně přihlášen.', '2015-04-05 09:06:24'),
(46, 'Login', 'info', 'Uzivatel Sekiphp uspěšně přihlášen.', '2015-04-05 09:08:47'),
(47, 'Login', 'info', 'Uzivatel Sekiphp uspěšně přihlášen.', '2015-04-05 09:22:00'),
(48, 'Login', 'info', 'Uzivatel LynSis uspěšně přihlášen.', '2015-04-05 09:26:38'),
(49, 'Login', 'info', 'Uzivatel Sekiphp uspěšně přihlášen.', '2015-04-05 09:26:40'),
(50, 'Login', 'info', 'Uzivatel Sekiphp uspěšně přihlášen.', '2015-04-05 09:26:59'),
(51, 'Login', 'info', 'Uzivatel Sekiphp uspěšně přihlášen.', '2015-04-05 09:30:58'),
(52, 'Login', 'info', 'Uzivatel Sekiphp uspěšně přihlášen.', '2015-04-05 09:34:02'),
(53, 'Login', 'info', 'Uzivatel Sekiphp uspěšně přihlášen.', '2015-04-05 09:36:10'),
(54, 'Login', 'info', 'Uzivatel Sekiphp uspěšně přihlášen.', '2015-04-05 09:38:42'),
(55, 'Login', 'info', 'Uzivatel Sekiphp uspěšně přihlášen.', '2015-04-05 09:42:55'),
(56, 'Login', 'info', 'Uzivatel Sekiphp uspěšně přihlášen.', '2015-04-05 09:44:16'),
(57, 'Login', 'info', 'Uzivatel Sekiphp uspěšně přihlášen.', '2015-04-05 09:45:11'),
(58, 'Login', 'info', 'Uzivatel Sekiphp uspěšně přihlášen.', '2015-04-05 10:07:24'),
(59, 'Login', 'info', 'Uzivatel Sekiphp uspěšně přihlášen.', '2015-04-05 11:05:23'),
(60, 'Login', 'info', 'Uzivatel LynSis uspěšně přihlášen.', '2015-04-05 12:43:31'),
(61, 'Login', 'info', 'Uzivatel Sekiphp uspěšně přihlášen.', '2015-04-05 14:02:48'),
(62, 'Login', 'info', 'Uzivatel Sognus uspěšně přihlášen.', '2015-04-05 16:46:02'),
(63, 'Login', 'info', 'Uzivatel Sognus uspěšně přihlášen.', '2015-04-05 18:25:43'),
(64, 'Login', 'info', 'Uzivatel Sognus uspěšně přihlášen.', '2015-04-05 18:25:50'),
(65, 'Login', 'info', 'Uzivatel Sognus uspěšně přihlášen.', '2015-04-06 16:32:25'),
(66, 'Login', 'info', 'Uzivatel Sognus uspěšně přihlášen.', '2015-04-06 16:32:35'),
(67, 'Login', 'info', 'Uzivatel LynSis uspěšně přihlášen.', '2015-04-06 19:25:57'),
(68, 'Login', 'info', 'Uzivatel Sekiphp uspěšně přihlášen.', '2015-04-06 19:33:42'),
(69, 'Login', 'info', 'Uzivatel LynSis uspěšně přihlášen.', '2015-04-06 20:19:45'),
(70, 'Login', 'info', 'Uzivatel Sognus uspěšně přihlášen.', '2015-04-07 08:09:18'),
(71, 'Login', 'info', 'Uzivatel Sekiphp uspěšně přihlášen.', '2015-04-07 10:15:35'),
(72, 'Login', 'info', 'Uzivatel LynSis uspěšně přihlášen.', '2015-04-07 10:36:57'),
(73, 'Login', 'info', 'Uzivatel LynSis uspěšně přihlášen.', '2015-04-07 12:04:41'),
(74, 'Login', 'info', 'Uzivatel Sekiphp uspěšně přihlášen.', '2015-04-07 20:39:26'),
(75, 'Login', 'info', 'Uzivatel Sognus uspěšně přihlášen.', '2015-04-08 04:46:16'),
(76, 'Login', 'info', 'Uzivatel Sognus uspěšně přihlášen.', '2015-04-08 05:31:57'),
(77, 'Login', 'info', 'Uzivatel Sekiphp uspěšně přihlášen.', '2015-04-08 09:36:16'),
(78, 'Login', 'info', 'Uzivatel LynSis uspěšně přihlášen.', '2015-04-08 09:55:30'),
(79, 'Login', 'info', 'Uzivatel Sekiphp uspěšně přihlášen.', '2015-04-08 14:37:46'),
(80, 'Login', 'info', 'Uzivatel Sognus uspěšně přihlášen.', '2015-04-08 14:37:47'),
(81, 'Login', 'info', 'Uzivatel Sekiphp uspěšně přihlášen.', '2015-04-08 16:03:52'),
(82, 'Login', 'info', 'Uzivatel Sekiphp uspěšně přihlášen.', '2015-04-08 16:05:13'),
(83, 'Login', 'info', 'Uzivatel Sognus uspěšně přihlášen.', '2015-04-08 16:29:15'),
(84, 'Login', 'info', 'Uzivatel LynSis uspěšně přihlášen.', '2015-04-08 16:29:17'),
(85, 'Login', 'info', 'Uzivatel Sognus uspěšně přihlášen.', '2015-04-08 17:54:53'),
(86, 'Login', 'info', 'Uzivatel LynSis uspěšně přihlášen.', '2015-04-08 20:42:25'),
(87, 'Login', 'info', 'Uzivatel Sekiphp uspěšně přihlášen.', '2015-04-08 21:03:02'),
(88, 'Login', 'info', 'Uzivatel Sekiphp uspěšně přihlášen.', '2015-04-08 21:04:47'),
(89, 'Login', 'info', 'Uzivatel LynSis uspěšně přihlášen.', '2015-04-08 21:06:17'),
(90, 'Login', 'info', 'Uzivatel Sekiphp uspěšně přihlášen.', '2015-04-08 21:06:24'),
(91, 'Login', 'info', 'Uzivatel LynSis uspěšně přihlášen.', '2015-04-08 21:13:04'),
(92, 'Login', 'info', 'Uzivatel Sekiphp uspěšně přihlášen.', '2015-04-08 21:14:37'),
(93, 'Login', 'info', 'Uzivatel Sekiphp uspěšně přihlášen.', '2015-04-08 21:19:04'),
(94, 'Login', 'info', 'Uzivatel Sekiphp uspěšně přihlášen.', '2015-04-08 21:20:14');

-- --------------------------------------------------------

--
-- Struktura tabulky `ma_offers`
--

CREATE TABLE IF NOT EXISTS `ma_offers` (
  `id` int(11) NOT NULL AUTO_INCREMENT,
  `playerID` int(11) NOT NULL,
  `itemID` varchar(255) NOT NULL,
  `itemDamage` int(11) NOT NULL,
  `qty` int(11) NOT NULL,
  `itemMeta` varchar(255) NOT NULL,
  `enchantments` varchar(512) NOT NULL,
  `lore` varchar(2048) CHARACTER SET utf8 COLLATE utf8_bin NOT NULL,
  `price` decimal(10,2) NOT NULL,
  PRIMARY KEY (`id`)
) ENGINE=InnoDB  DEFAULT CHARSET=latin1 AUTO_INCREMENT=9 ;

--
-- Vypisuji data pro tabulku `ma_offers`
--

INSERT INTO `ma_offers` (`id`, `playerID`, `itemID`, `itemDamage`, `qty`, `itemMeta`, `enchantments`, `lore`, `price`) VALUES
(1, 7, '348', 0, 10, '{"meta-type":"UNSPECIFIC"}', '{}', '', 1.36),
(2, 7, '348', 0, 5, '{"meta-type":"UNSPECIFIC"}', '{}', '', 1.38),
(3, 6, '138', 0, 112, '', '', '', 1.00),
(4, 7, '348', 0, 3, '{"meta-type":"UNSPECIFIC"}', '{}', '', 1.00),
(5, 7, '348', 0, 3, '{"meta-type":"UNSPECIFIC"}', '{}', '', 3.00),
(6, 6, '138', 0, 22, '', '', '', 10.00),
(7, 7, '348', 0, 10, '{"meta-type":"UNSPECIFIC"}', '{}', '', 963.00),
(8, 7, '348', 0, 9, '{"meta-type":"UNSPECIFIC"}', '{}', '', 9.89);

-- --------------------------------------------------------

--
-- Struktura tabulky `ma_pins`
--

CREATE TABLE IF NOT EXISTS `ma_pins` (
  `id` int(11) NOT NULL AUTO_INCREMENT,
  `playerID` int(11) NOT NULL,
  `pins` varchar(255) NOT NULL,
  PRIMARY KEY (`id`)
) ENGINE=InnoDB DEFAULT CHARSET=latin1 AUTO_INCREMENT=1 ;

-- --------------------------------------------------------

--
-- Struktura tabulky `ma_players`
--

CREATE TABLE IF NOT EXISTS `ma_players` (
  `id` int(16) NOT NULL AUTO_INCREMENT,
  `playerName` varchar(32) NOT NULL,
  `uuid` varchar(50) NOT NULL,
  `money` decimal(11,2) NOT NULL DEFAULT '0.00',
  `locked` tinyint(1) NOT NULL DEFAULT '0',
  `password` char(40) NOT NULL,
  `admin` set('0','1') NOT NULL DEFAULT '0',
  PRIMARY KEY (`id`)
) ENGINE=MyISAM  DEFAULT CHARSET=latin1 AUTO_INCREMENT=11 ;

--
-- Vypisuji data pro tabulku `ma_players`
--

INSERT INTO `ma_players` (`id`, `playerName`, `uuid`, `money`, `locked`, `password`, `admin`) VALUES
(1, 'Sognus', '07256eba-f044-4d0f-ba0f-da99524376a4', 999999999.99, 0, 'a94a8fe5ccb19ba61c4c0873d391e987982fbbd3', '0'),
(6, 'LynSis', '7d771840-f713-4b26-ad23-141f68ea575f', 999999999.99, 0, 'dc63d6ec195bce05be6ad090acefe89e028e40e4', '1'),
(7, 'Sekiphp', 'abfce32e-8817-41a6-a1cd-fe8ada2dea12', 50000.00, 0, 'edb433bdd7c13851c7c68cb31a5acf33a80cd2cc', '1'),
(8, 'dwi', '57798a5e-5bde-4664-8abe-dd7687694b45', 0.00, 0, '6a032f5aa3c90284feb5007b09670555a0289613', '0'),
(9, 'Monetic', '5edb832b-dcf3-476c-b9da-f0fd999c4af7', 0.00, 0, '7c4a8d09ca3762af61e59520943dc26494f8941b', '0');

-- --------------------------------------------------------

--
-- Zástupná struktura pro pohled `ma_view_offers`
--
CREATE TABLE IF NOT EXISTS `ma_view_offers` (
`offerId` int(11)
,`playerName` varchar(32)
,`playerId` int(16)
,`name` varchar(50)
,`img` varchar(50)
,`qty` int(11)
,`price` decimal(10,2)
,`priceAll` decimal(20,2)
);
-- --------------------------------------------------------

--
-- Struktura tabulky `menu_items`
--

CREATE TABLE IF NOT EXISTS `menu_items` (
  `id` int(11) NOT NULL AUTO_INCREMENT,
  `name` varchar(15) CHARACTER SET utf8 COLLATE utf8_czech_ci NOT NULL,
  `url` varchar(255) NOT NULL,
  `ico` varchar(255) NOT NULL,
  `is_private` enum('0','1') NOT NULL DEFAULT '0',
  PRIMARY KEY (`id`)
) ENGINE=InnoDB  DEFAULT CHARSET=latin1 AUTO_INCREMENT=8 ;

--
-- Vypisuji data pro tabulku `menu_items`
--

INSERT INTO `menu_items` (`id`, `name`, `url`, `ico`, `is_private`) VALUES
(1, 'Inventář', 'inventory', 'icon-dashboard', '0'),
(2, 'Nabídky', 'offer', 'icon-list-alt', '0'),
(3, 'Poptávky', 'demand', 'icon-facetime-video', '0'),
(4, 'Žebříčky', 'stats', 'icon-bar-chart', '0'),
(5, 'Log', 'logs', 'icon-code', '0'),
(6, 'Administrace', 'admin', 'icon-signal', '1'),
(7, 'PHPMYADMIN', 'http://php.banana-heads.eu/phpmyadmin/', 'icon-signal', '1');

-- --------------------------------------------------------

--
-- Struktura pro pohled `ma_view_offers`
--
DROP TABLE IF EXISTS `ma_view_offers`;

CREATE ALGORITHM=UNDEFINED DEFINER=`a9350_netg2`@`%` SQL SECURITY DEFINER VIEW `ma_view_offers` AS select `ip`.`id` AS `offerId`,`p`.`playerName` AS `playerName`,`p`.`id` AS `playerId`,`il`.`name` AS `name`,`il`.`img` AS `img`,`ip`.`qty` AS `qty`,`ip`.`price` AS `price`,(`ip`.`qty` * `ip`.`price`) AS `priceAll` from ((`items_list` `il` join `ma_offers` `ip`) join `ma_players` `p` on(((`ip`.`itemID` = `il`.`itemID`) and (`ip`.`itemDamage` = `il`.`itemSubID`) and (`p`.`id` = `ip`.`playerID`))));

/*!40101 SET CHARACTER_SET_CLIENT=@OLD_CHARACTER_SET_CLIENT */;
/*!40101 SET CHARACTER_SET_RESULTS=@OLD_CHARACTER_SET_RESULTS */;
/*!40101 SET COLLATION_CONNECTION=@OLD_COLLATION_CONNECTION */;
